Show,Sendungen
Was Interessiert Dich?,Was Interessiert Dich?
Most Popular,Beliebteste
Hosts,Gastgeber
url,url
Created By,Created By
Updated By,Updated By
Contact,Kontakt
Sponsor,Sponsoren
Season,Staffel
Episode,Folge
Video Not Exist!,Video leider nicht vorhanden
Highlights,Highlights
Your <em>Interest</em> Online,Unterhaltung <em>zu Deinen</em> Themen
Completely <em> Free and Accessible </em> from anywhere,Kostenlos <em>und &uuml;berall</em> erreichbar
Professional <em> in TV quality</em>,<em>Professionelle</em> Produktion
Recent Episodes,Neueste Videos
More,Mehr
Find us on,Finde uns auch hier
Search Results,Suchergebnisse
Highlights of this Episode,Highlights dieser Folge
